{
  "paillier_encryption": {
    "mean": 213.91455599999517,
    "std": 22.70116623727864,
    "min": 195.8601000001181,
    "max": 318.8938999999209,
    "unit": "ms",
    "iterations": 50
  },
  "homomorphic_tally_100": {
    "time": 64.06560000004902,
    "unit": "ms",
    "votes": 100,
    "result": 100
  },
  "rsa_pss_signing_3072": {
    "mean": 7.30672599999707,
    "std": 2.0199945787956346,
    "min": 6.260899999915637,
    "max": 19.86480000005031,
    "unit": "ms",
    "iterations": 50,
    "key_size": 3072
  },
  "rsa_pss_verification_3072": {
    "mean": 0.9032599999954982,
    "std": 0.46165054534620714,
    "min": 0.6970000001729204,
    "max": 3.3261000000948115,
    "unit": "ms",
    "iterations": 50,
    "key_size": 3072
  },
  "sha256_hashing": {
    "mean": 0.0022239999861994875,
    "std": 0.0044340302180218205,
    "min": 0.0014999998256826075,
    "max": 0.03319999996165279,
    "unit": "ms",
    "iterations": 50
  },
  "blockchain_verification": {
    "mean": 0.009734000004755217,
    "std": 0.017884491728098185,
    "min": 0.006199999916134402,
    "max": 0.1331000000845961,
    "unit": "ms",
    "iterations": 50
  },
  "face_distance_calculation": {
    "mean": 0.007129999994504033,
    "std": 0.010047691297410568,
    "min": 0.004099999841855606,
    "max": 0.05000000010113581,
    "unit": "ms",
    "iterations": 20
  },
  "ciphertext_analysis": {
    "ciphertext_digits": 1849,
    "json_bytes": 1882,
    "public_key_bits": 3072
  }
}