{
  "test_count": 1,
  "components": {
    "face_auth": {
      "mean": 501.6935999999532,
      "std": 0.0
    },
    "ovt_issue": {
      "mean": 2107.305199999928,
      "std": 0.0
    },
    "vote_cast": {
      "mean": 2341.238599999997,
      "std": 0.0
    },
    "receipt_verify": {
      "mean": 18.597199999931036,
      "std": 0.0
    },
    "total": {
      "mean": 4968.834599999809,
      "std": 0.0
    }
  }
}