{
  "paillier_encryption": {
    "mean": 393.49571001250297,
    "std": 27.282954510450196,
    "min": 334.3062000349164,
    "max": 466.70510014519095,
    "unit": "ms",
    "iterations": 50
  },
  "homomorphic_tally_100": {
    "time": 127.6167999021709,
    "unit": "ms",
    "votes": 100,
    "result": 100
  },
  "rsa_pss_signing_3072": {
    "mean": 14.433761984109879,
    "std": 1.399836605612033,
    "min": 11.685599805787206,
    "max": 18.49619997665286,
    "unit": "ms",
    "iterations": 50,
    "key_size": 3072
  },
  "rsa_pss_verification_3072": {
    "mean": 1.6416419995948672,
    "std": 0.2990139443915734,
    "min": 1.335799926891923,
    "max": 2.526200143620372,
    "unit": "ms",
    "iterations": 50,
    "key_size": 3072
  },
  "sha256_hashing": {
    "mean": 0.16101800836622715,
    "std": 1.1059275538018682,
    "min": 0.002499902620911598,
    "max": 7.902499986812472,
    "unit": "ms",
    "iterations": 50
  },
  "blockchain_verification": {
    "mean": 0.017885961569845676,
    "std": 0.013247739100161101,
    "min": 0.013799872249364853,
    "max": 0.10999990627169609,
    "unit": "ms",
    "iterations": 50
  },
  "face_distance_calculation": {
    "mean": 0.04431998822838068,
    "std": 0.13781707882483696,
    "min": 0.008899951353669167,
    "max": 0.6440000142902136,
    "unit": "ms",
    "iterations": 20
  },
  "ciphertext_analysis": {
    "ciphertext_digits": 1849,
    "json_bytes": 1882,
    "public_key_bits": 3072
  }
}